,index,mismatch,hpv16_cin_fn_k,hpv16_dur_cin_par1,hpv18_cin_fn_k,hpv18_dur_cin_par1,hi5_cin_fn_k,hi5_dur_cin_par1,hi5_rel_beta,ohr_cin_fn_k,ohr_dur_cin_par1,ohr_rel_beta,beta,f_cross_layer,m_cross_layer
0,0,45.552214940270474,0.7964582217294023,6.35599144821092,0.09470160443136766,11.713076699393831,0.694308794573999,1.5448067798670908,0.9400785058716604,0.13377456654773545,7.111322173688698,0.3616746311176089,0.20025840410894147,0.0054748528178948375,0.2799559738855266
2,2,729.8437185870803,0.7342037427658468,2.3181684719708264,0.18841313697983364,4.611052707874389,0.44663346069393284,10.19511158186569,0.6569183313843865,0.9166383080294153,9.877894543275064,0.26845664652232515,0.30876860618062296,0.9764032212436327,0.09696385559544918
1,1,1299.7701582161435,0.8724620640606101,9.061649245097236,0.5144184708288089,1.5324866185016595,0.7713989322077898,8.337116188809086,0.6631258466465086,0.3392944145949395,5.611032185139582,0.23062241989562526,0.4209377364141282,0.6651674376557404,0.19611777922706075
