,index,mismatch,hpv16_cin_fn_k,hpv16_dur_cin_par1,hpv18_cin_fn_k,hpv18_dur_cin_par1,hi5_cin_fn_k,hi5_dur_cin_par1,hi5_rel_beta,ohr_cin_fn_k,ohr_dur_cin_par1,ohr_rel_beta,beta,f_cross_layer,m_cross_layer
0,0,1.0827178729689808,0.4436254308622335,5.603088220687286,0.5757976988634109,6.594261836506377,0.47980442925763944,10.328776515214141,0.9001033948418017,0.6017762416909763,4.1489263464150605,0.5624458916086963,0.447283236861037,0.004923978534588813,0.3948599977448789
1,1,1.6056129985228949,0.05784544592853824,1.5725444168699145,0.7410903306205308,7.69018052552521,0.18698327719439123,3.606665685311868,0.4853643796021526,0.41512500649514616,5.4455965834380295,0.5618542113060848,0.2256264047582378,0.6345826028742146,0.004443829355038065
2,2,2.6011816838995565,0.22046262677023454,10.835785169842797,0.5977305348747933,4.921497533975553,0.8803611157350231,11.423303935110463,0.6669004964756045,0.7869916069975159,10.974449031905927,0.19931571792167524,0.1526415069147506,0.9257469901085573,0.8726176745946034
